id,kecamatan_id,kota_kabupaten_id,nama,target
7101052001,710105,7101,AYONG,0
7101052002,710105,7101,BABO,0
7101052003,710105,7101,BOLANGAT,0
7101052004,710105,7101,MAELANG,0
7101052005,710105,7101,DOMISIL MOONOW,0
7101052006,710105,7101,PANGI,0
7101052012,710105,7101,LOLANAN,0
7101052015,710105,7101,CEMPAKA,0
7101052017,710105,7101,BATU MERAH,0
7101052018,710105,7101,PASIR PUTIH,0
7101052019,710105,7101,PANGI TIMUR,0
7101052020,710105,7101,BOLANGAT TIMUR,0
7101092001,710109,7101,MATAYANGAN,0
7101092002,710109,7101,UUAN,0
7101092003,710109,7101,IKHWAN,0
7101092004,710109,7101,DOLODUO,0
7101092005,710109,7101,WANGGA BARU,0
7101092010,710109,7101,TOTAUT,0
7101092011,710109,7101,MEKARUO,0
7101092017,710109,7101,TORAUT UTARA,0
7101092018,710109,7101,DOLODUO SATU,0
7101092019,710109,7101,DOLODUO DUA,0
7101092020,710109,7101,DOLODUO TIGA,0
7101092022,710109,7101,TORAUT TENGAH,0
7101101003,710110,7101,IMANDI,0
7101102001,710110,7101,TONOM,0
7101102002,710110,7101,MOGOYUNGGUNG,0
7101102004,710110,7101,MODOMANG,0
7101102005,710110,7101,KEMBANG MERTHA,0
7101102006,710110,7101,DUMOGA,0
7101102013,710110,7101,PINONOBATUAN,0
7101102017,710110,7101,DUMOGA II,0
7101102018,710110,7101,PINONOBATUAN BARAT,0
7101102019,710110,7101,AMERTHA SARI,0
7101102020,710110,7101,KEMBANG SARI,0
7101102021,710110,7101,AMERTHA BUANA,0
7101102023,710110,7101,MOGOYUNGGUNG SATU,0
7101102024,710110,7101,MOGOYUNGGUNG DUA,0
7101102025,710110,7101,DUMOGA TIGA,0
7101102026,710110,7101,DUMOGA EMPAT,0
7101112001,710111,7101,TUMOKANG BARU,0
7101112002,710111,7101,MOPUGAD UTARA,0
7101112003,710111,7101,MOPUGAD SELATAN,0
7101112004,710111,7101,MOPUYA UTARA,0
7101112005,710111,7101,MOPUYA SELATAN,0
7101112007,710111,7101,DONDOMON,0
7101112014,710111,7101,MOPUGAD UTARA SATU,0
7101112015,710111,7101,MOPUGAD UTARA DUA,0
7101112016,710111,7101,MOPUGAD SELATAN SATU,0
7101112017,710111,7101,MOPUYA UTARA SATU,0
7101112018,710111,7101,MOPUYA UTARA DUA,0
7101112019,710111,7101,MOPUYA SELATAN SATU,0
7101112020,710111,7101,MOPUYA SELATAN DUA,0
7101112024,710111,7101,DONDOMON UTARA,0
7101112025,710111,7101,DONDOMON SELATAN,0
7101112026,710111,7101,TUMOKANG TIMUR,0
7101122001,710112,7101,TOTABUAN,0
7101122002,710112,7101,PINDOL,0
7101122003,710112,7101,SOLOG,0
7101122004,710112,7101,TANDU,0
7101122005,710112,7101,LOLAK,0
7101122006,710112,7101,MOTABANG,0
7101122007,710112,7101,MONGKOINIT,0
7101122008,710112,7101,LABUAN UKI,0
7101122009,710112,7101,PINOGALUMAN,0
7101122010,710112,7101,SAUK,0
7101122011,710112,7101,LALOW,0
7101122012,710112,7101,BUNTALO,0
7101122013,710112,7101,BUMBUNG,0
7101122014,710112,7101,BATURAPA,0
7101122015,710112,7101,TUYAT,0
7101122016,710112,7101,PINDOLILI,0
7101122017,710112,7101,LOLAK TAMBOLANGO,0
7101122018,710112,7101,LOLAK II,0
7101122019,710112,7101,BUNTALO TIMUR,0
7101122020,710112,7101,BUNTALO SELATAN,0
7101122021,710112,7101,BATURAPA II,0
7101122022,710112,7101,DIAT,0
7101122023,710112,7101,PINOGALUM TIMUR,0
7101122024,710112,7101,MONGKOINIT BARAT,0
7101122025,710112,7101,DULANGAN,0
7101122026,710112,7101,PADANG LALOW,0
7101131006,710113,7101,INOBONTO,0
7101132001,710113,7101,KOMANGAAN,0
7101132002,710113,7101,SOLIMANDUNGAN II,0
7101132003,710113,7101,SOLIMANDUNGAN I,0
7101132004,710113,7101,BANGOMULUNOW,0
7101132005,710113,7101,LANGAGON,0
7101132007,710113,7101,INOBONTO II,0
7101132014,710113,7101,INOBONTO,0
7101132015,710113,7101,LANGAGON SATU,0
7101132016,710113,7101,LANGAGON DUA,0
7101132017,710113,7101,SOLIMANDUNGAN BARU,0
7101142001,710114,7101,BOMBANON,0
7101142002,710114,7101,ABAK,0
7101142003,710114,7101,TAPA AOG,0
7101142004,710114,7101,MOPUSI,0
7101142005,710114,7101,MATALI BARU,0
7101142006,710114,7101,BAKAN,0
7101142007,710114,7101,SANOYAN SELATAN,0
7101142008,710114,7101,TUNGOI I,0
7101142009,710114,7101,LOLAYAN,0
7101142010,710114,7101,MOPAIT,0
7101142017,710114,7101,KOPANDAKAN II,0
7101142019,710114,7101,TANOYAN UTARA,0
7101142020,710114,7101,TUNGOI II,0
7101142021,710114,7101,MENGKANG,0
7101192001,710119,7101,MUNTOI,0
7101192002,710119,7101,POYUYANAN,0
7101192003,710119,7101,LOBONG,0
7101192004,710119,7101,PASSI,0
7101192017,710119,7101,BINTAU,0
7101192018,710119,7101,BULUD,0
7101192019,710119,7101,OTAM,0
7101192020,710119,7101,WANGGA,0
7101192022,710119,7101,INUAI,0
7101192023,710119,7101,PASSI II,0
7101192024,710119,7101,MUNTOI TIMUR,0
7101192025,710119,7101,OTAM BARAT,0
7101192026,710119,7101,WANGGA SATU,0
7101202001,710120,7101,MARIRI LAMA,0
7101202002,710120,7101,MARIRI BARU,0
7101202003,710120,7101,NONAPAN II,0
7101202004,710120,7101,NONAPAN I,0
7101202005,710120,7101,WINERU,0
7101202006,710120,7101,GOGALUMAN,0
7101202007,710120,7101,POIGAR I,0
7101202008,710120,7101,NANASI,0
7101202009,710120,7101,POMOMAN,0
7101202010,710120,7101,TIBERIAS,0
7101202011,710120,7101,MONDATONG,0
7101202012,710120,7101,POIGAR II,0
7101202013,710120,7101,POIGAR III,0
7101202014,710120,7101,MARIRI II,0
7101202015,710120,7101,MARIRI I,0
7101202016,710120,7101,NONAPAN BARU,0
7101202017,710120,7101,NANASI TIMUR,0
7101202018,710120,7101,NONAPAN,0
7101202019,710120,7101,TANJUNG MARIRI,0
7101202020,710120,7101,MONDATONG BARU,0
7101222003,710122,7101,PANGIAN,0
7101222004,710122,7101,POOPO,0
7101222005,710122,7101,MANEMBO,0
7101222006,710122,7101,SINSINGON,0
7101222007,710122,7101,INSIL,0
7101222009,710122,7101,MOBUYA,0
7101222012,710122,7101,INSIL BARU,0
7101222013,710122,7101,PANGIAN TENGAH,0
7101222014,710122,7101,PANGIAN BARAT,0
7101222015,710122,7101,POOPO BARAT,0
7101222016,710122,7101,POOPO SELATAN,0
7101222017,710122,7101,SINSINGON BARAT,0
7101222018,710122,7101,SINSINGON TIMUR,0
7101312001,710131,7101,AMBANG I,0
7101312002,710131,7101,AMBANG II,0
7101312003,710131,7101,TADOY,0
7101312004,710131,7101,BOLAANG,0
7101312005,710131,7101,BANTIK,0
7101312006,710131,7101,LOLAN,0
7101312007,710131,7101,TADOY I,0
7101312008,710131,7101,BOLAANG SATU,0
7101312009,710131,7101,LOLAN DUA,0
7101322001,710132,7101,BILALANG III,0
7101322002,710132,7101,BILALANG IV,0
7101322003,710132,7101,TUDU AOG,0
7101322004,710132,7101,TUDU AOG BARU,0
7101322005,710132,7101,KOLINGANGA'AN,0
7101322006,710132,7101,BILALANG III UTARA,0
7101322007,710132,7101,BILALANG BARU,0
7101322008,710132,7101,APADO,0
7101332001,710133,7101,SERASI,0
7101332002,710133,7101,KANAAN,0
7101332003,710133,7101,TORUAKAT,0
7101332004,710133,7101,PUSIAN,0
7101332005,710133,7101,PONOMPIAAN,0
7101332006,710133,7101,MOTOTABIAN,0
7101332007,710133,7101,BUMBUNGON,0
7101332008,710133,7101,SINIYUNG,0
7101332009,710133,7101,SINIYUNG SATU,0
7101332010,710133,7101,DUMOGA SATU,0
7101332011,710133,7101,PUSIAN SELATAN,0
7101332012,710133,7101,PUSIAN BARAT,0
7101342001,710134,7101,BONAWANG,0
7101342002,710134,7101,TAPADAKA SATU,0
7101342003,710134,7101,TAPADAKA UTARA,0
7101342004,710134,7101,TAPADAKA TIMUR,0
7101342005,710134,7101,KONAROM,0
7101342006,710134,7101,KONAROM BARAT,0
7101342007,710134,7101,KONAROM UTARA,0
7101342008,710134,7101,OSION,0
7101342009,710134,7101,IKUNA,0
7101342010,710134,7101,DUMARA,0
7101352001,710135,7101,IBOLIAN,0
7101352002,710135,7101,IBOLIAN SATU,0
7101352003,710135,7101,KINOMALINGAN,0
7101352004,710135,7101,KOSIO,0
7101352005,710135,7101,KOSIO TIMUR,0
7101352006,710135,7101,KASIO BARAT,0
7101352007,710135,7101,WERDHI AGUNG,0
7101352008,710135,7101,WERDHI AGUNG SELATAN,0
7101352009,710135,7101,WERDHI AGUNG UTARA,0
7101352010,710135,7101,WERDHI AGUNG TIMUR,0
7102011007,710201,7102,MASARANG,0
7102011008,710201,7102,RINEGETAN,0
7102011009,710201,7102,ROONG,0
7102011010,710201,7102,TUUTU,0
7102011011,710201,7102,TOUNKURAMBER,0
7102011012,710201,7102,WAWALINTOUAN,0
7102011013,710201,7102,REREWOKAN,0
7102011014,710201,7102,WATULAMBOT,0
7102011015,710201,7102,WEWELAN,0
7102021001,710202,7102,LUAAN,0
7102021005,710202,7102,RANOWANGKO,0
7102021006,710202,7102,WENGKOL,0
7102021007,710202,7102,KENDIS,0
7102021008,710202,7102,KATINGGOLAN,0
7102021009,710202,7102,LININGAAN,0
7102021010,710202,7102,TALER,0
7102021011,710202,7102,KINIAR,0
7102021012,710202,7102,TOULUOR,0
7102021013,710202,7102,PAPAKELAN,0
7102021014,710202,7102,MAKALOUNSOW,0
7102032001,710203,7102,TELAP,0
7102032002,710203,7102,WATUMEA,0
7102032003,710203,7102,ERIS,0
7102032004,710203,7102,MAUMBI,0
7102032005,710203,7102,TANDENGAN,0
7102032006,710203,7102,RANOMERUT,0
7102032007,710203,7102,TOULIANG OKI,0
7102032008,710203,7102,TANDENGAN SATU,0
7102042001,710204,7102,TULAP,0
7102042002,710204,7102,LALUMPE,0
7102042003,710204,7102,KAYUBESI,0
7102042004,710204,7102,RANOWANGKO II,0
7102042005,710204,7102,KOMBI,0
7102042006,710204,7102,SAWANGAN,0
7102042007,710204,7102,KOLONGAN,0
7102042008,710204,7102,RERER,0
7102042009,710204,7102,KINALEOSAN,0
7102042010,710204,7102,MAKALISUNG,0
7102042011,710204,7102,KALAWIRAN,0
7102042012,710204,7102,KOLONGAN I,0
7102042013,710204,7102,RERER I,0
7102052001,710205,7102,KAPATARAN,0
7102052002,710205,7102,SERETAN,0
7102052003,710205,7102,ATEP OKI,0
7102052004,710205,7102,KAROR,0
7102052005,710205,7102,KALEOSAN,0
7102052006,710205,7102,WATULANEY,0
7102052007,710205,7102,KAYUROYA,0
7102052008,710205,7102,SERETAN TIMUR,0
7102052009,710205,7102,PARENTEK,0
7102052010,710205,7102,KAPATARAN SATU,0
7102052011,710205,7102,WATULANEY AMIAN,0
7102062003,710206,7102,KAYUWATU,0
7102062004,710206,7102,WINERU,0
7102062005,710206,7102,RINONDOR,0
7102062006,710206,7102,SENDANGAN,0
7102062015,710206,7102,PAHALETEN,0
7102062016,710206,7102,TALIKURAN,0
7102062017,710206,7102,TOUNELET,0
7102062018,710206,7102,PASLATEN,0
7102062019,710206,7102,KAWENG,0
7102062020,710206,7102,TOULIMEMBET,0
7102062021,710206,7102,MAKALELON,0
7102062022,710206,7102,TUMPAAN,0
7102062023,710206,7102,MAHEMBANG,0
7102072004,710207,7102,TEMBER,0
7102072005,710207,7102,KAMANGA,0
7102072006,710207,7102,SENDANGAN,0
7102072007,710207,7102,TALIKURAN,0
7102072009,710207,7102,TEMPOK,0
7102072010,710207,7102,LIBA,0
7102072011,710207,7102,TOLOK,0
7102072012,710207,7102,KAMANGA DUA,0
7102072016,710207,7102,TEMPOK SELATAN,0
7102072017,710207,7102,TOLOK SATU,0
7102082001,710208,7102,KASURATAN,0
7102082002,710208,7102,PAREPEI,0
7102082003,710208,7102,PULUTAN,0
7102082004,710208,7102,SINUIAN,0
7102082005,710208,7102,KAIMA,0
7102082006,710208,7102,SENDANGAN,0
7102082007,710208,7102,TIMU,0
7102082008,710208,7102,TALIKURAN,0
7102082009,710208,7102,TAMPUSU,0
7102082010,710208,7102,PASLATEN,0
7102082011,710208,7102,LELEKO,0
7102092004,710209,7102,WOLAANG,0
7102092005,710209,7102,TEEP,0
7102092006,710209,7102,KARONDORAN,0
7102092007,710209,7102,WALEURE,0
7102092008,710209,7102,AMONGENA I,0
7102092009,710209,7102,AMONGENA II,0
7102092010,710209,7102,SUMARAYAR,0
7102092018,710209,7102,AMONGENA TIGA,0
7102102001,710210,7102,KOYAWAS,0
7102102002,710210,7102,WALEWANGKO,0
7102102003,710210,7102,NOONGAN,0
7102102004,710210,7102,RARINGIS,0
7102102005,710210,7102,AMPRENG,0
7102102006,710210,7102,TUMARATAS,0
7102102009,710210,7102,PASLATEN,0
7102102010,710210,7102,LOWIAN,0
7102102011,710210,7102,TOUNELET,0
7102102014,710210,7102,KOPIWANGKER,0
7102102015,710210,7102,NOONGAN DUA,0
7102102016,710210,7102,NOONGAN TIGA,0
7102102017,710210,7102,TUMARATAS DUA,0
7102102018,710210,7102,RARANON,0
7102102019,710210,7102,RARINGIS UTARA,0
7102102020,710210,7102,RARINGIS SELATAN,0
7102112001,710211,7102,LEILEM,0
7102112002,710211,7102,KOLONGAN ATAS,0
7102112003,710211,7102,TOUNELET SATU,0
7102112004,710211,7102,TALIKURAN,0
7102112005,710211,7102,KAUNERAN,0
7102112006,710211,7102,SENDANGAN,0
7102112007,710211,7102,RAMBUNAN,0
7102112008,710211,7102,SAWANGAN,0
7102112009,710211,7102,TINCEP,0
7102112010,710211,7102,TIMBUKAR,0
7102112011,710211,7102,LEILEM DUA,0
7102112012,710211,7102,LEILEM TIGA,0
7102112013,710211,7102,KOLONGAN ATAS DUA,0
7102112014,710211,7102,KAUNERAN SATU,0
7102112015,710211,7102,RAMBUNAN AMIAN,0
7102112016,710211,7102,SANDANGAN SATU,0
7102112017,710211,7102,TALIKURAN SATU,0
7102112018,710211,7102,TOUNELET,0
7102112019,710211,7102,KOTONGAN ATAS SATU,0
7102121005,710212,7102,SENDANGAN,0
7102121011,710212,7102,KINALI,0
7102121019,710212,7102,SENDANGAN SELATAN,0
7102121020,710212,7102,SENDANGAN TENGAH,0
7102121028,710212,7102,UNER SATU,0
7102121029,710212,7102,KINALI SATU,0
7102122012,710212,7102,TONDEGESAN,0
7102122016,710212,7102,KANONANG TIGA,0
7102122030,710212,7102,TONDEGESAN I,0
7102122031,710212,7102,TONDEGESAN II,0
7102132001,710213,7102,PINELENG I,0
7102132002,710213,7102,PINELENG II,0
7102132003,710213,7102,SEA I,0
7102132004,710213,7102,SEA II,0
7102132005,710213,7102,WINAGUN ATAS,0
7102132006,710213,7102,WAREMBUNGAN,0
7102132007,710213,7102,SEA,0
7102132014,710213,7102,KALI,0
7102132016,710213,7102,KALI SELATAN,0
7102132020,710213,7102,PINELENG DUA INDAH,0
7102132021,710213,7102,LOTTA,0
7102132022,710213,7102,SEA MITRA,0
7102132023,710213,7102,SEA TUMPENGAN,0
7102132024,710213,7102,PINELENG SATU TIMUR,0
7102142001,710214,7102,KEMBES II,0
7102142002,710214,7102,KEMBES I,0
7102142003,710214,7102,TOUMBULUAN,0
7102142004,710214,7102,KOKA,0
7102142005,710214,7102,SULUAN,0
7102142006,710214,7102,KAMANGTA,0
7102142007,710214,7102,SAWANGAN,0
7102142008,710214,7102,RUMENGKOR,0
7102142009,710214,7102,TIKELA,0
7102142010,710214,7102,RUMENGKOR SATU,0
7102142011,710214,7102,RUMENGKOR DUA,0
7102152001,710215,7102,KUMU,0
7102152002,710215,7102,TELING,0
7102152003,710215,7102,POOPOH,0
7102152004,710215,7102,RANOWANGKO,0
7102152005,710215,7102,SENDUK,0
7102152007,710215,7102,PINASUNGKULAN,0
7102152009,710215,7102,MOKUPA,0
7102152010,710215,7102,SARANI MATANI,0
7102152011,710215,7102,BORGO,0
7102152012,710215,7102,TAMBALA,0
7102161001,710216,7102,SUMALANGKA,0
7102161002,710216,7102,SASARAN,0
7102161003,710216,7102,KAMPUNG JAWA,0
7102161004,710216,7102,WULAUAN,0
7102161005,710216,7102,MARAWAS,0
7102162006,710216,7102,TONSEA LAMA,0
7102162007,710216,7102,KEMBUAN,0
7102162008,710216,7102,KEMBUAN SATU,0
7102172001,710217,7102,PALAMBA,0
7102172002,710217,7102,ATEP,0
7102172003,710217,7102,MANEMBO,0
7102172004,710217,7102,TEMBOAN,0
7102172005,710217,7102,RUMBIA,0
7102172006,710217,7102,WINEBETAN,0
7102172007,710217,7102,KAAYURAN ATAS,0
7102172008,710217,7102,KAAYURAN BAWAH,0
7102172009,710217,7102,KAWATAK,0
7102172010,710217,7102,ATEP SATU,0
7102181001,710218,7102,URONGO,0
7102181002,710218,7102,TOUNSARU,0
7102181003,710218,7102,TATAARAN II,0
7102181004,710218,7102,TATAARAN I,0
7102181005,710218,7102,KOYA,0
7102181006,710218,7102,PALELOAN,0
7102181007,710218,7102,TATAARAN PATAR,0
7102181008,710218,7102,MAESA UNIMA,0
7102192001,710219,7102,WALANTAKAN,0
7102192002,710219,7102,TARAITAK,0
7102192003,710219,7102,KARUMENGA,0
7102192004,710219,7102,TORAGET,0
7102192005,710219,7102,TEMPANG,0
7102192006,710219,7102,TEMPANG II,0
7102192007,710219,7102,TEMPANG III,0
7102192008,710219,7102,TARAITAK SATU,0
7102202001,710220,7102,WASIAN,0
7102202002,710220,7102,PANASEN,0
7102202003,710220,7102,TOUNTIMOMOR,0
7102202004,710220,7102,TOTOLAN,0
7102202005,710220,7102,PASSO,0
7102202006,710220,7102,KALAWIRAN,0
7102202007,710220,7102,TOULIANG,0
7102202008,710220,7102,SIMBEL,0
7102202009,710220,7102,WAILANG,0
7102202010,710220,7102,BUKIT TINGGI,0
7102211001,710221,7102,TALIKURAN,0
7102211002,710221,7102,TALIKURAN UTARA,0
7102211003,710221,7102,TALIKURAN BARAT,0
7102211004,710221,7102,UNER,0
7102212005,710221,7102,KIAWA SATU,0
7102212006,710221,7102,KIAWA SATU UTARA,0
7102212007,710221,7102,KIAWA SATU BARAT,0
7102212008,710221,7102,KIAWA DUA,0
7102212009,710221,7102,KIAWA DUA TIMUR,0
7102212010,710221,7102,KIAWA DUA BARAT,0
7102222001,710222,7102,KAYUUWI,0
7102222002,710222,7102,KAYUUWI SATU,0
7102222003,710222,7102,KANONANG SATU,0
7102222004,710222,7102,KANONANG DUA,0
7102222005,710222,7102,KANONANG EMPAT,0
7102222006,710222,7102,KANONANG LIMA,0
7102222007,710222,7102,TOMBASIAN ATAS,0
7102222008,710222,7102,TOMBASIAN ATAS SATU,0
7102222009,710222,7102,TOMBASIAN BAWAH,0
7102222010,710222,7102,RANOLAMBOT,0
7102232001,710223,7102,KALASEY SATU,0
7102232002,710223,7102,KALASEY DUA,0
7102232003,710223,7102,TATELI,0
7102232004,710223,7102,TATELI WERU,0
7102232005,710223,7102,TATELI SATU,0
7102232006,710223,7102,TATELI DUA,0
7102232007,710223,7102,TATELI TIGA,0
7102232008,710223,7102,KOHA,0
7102232009,710223,7102,KOHA BARAT,0
7102232010,710223,7102,KOHA TIMUR,0
7102232011,710223,7102,KOHA SELATAN,0
7102232012,710223,7102,AGOTEY,0
7102242001,710224,7102,LEMOH,0
7102242002,710224,7102,LEMOH BARAT,0
7102242003,710224,7102,LEMOH TIMUR,0
7102242004,710224,7102,LEMOH UNER,0
7102242005,710224,7102,LOLAH,0
7102242006,710224,7102,LOLAH SATU,0
7102242007,710224,7102,LOLAH DUA,0
7102242008,710224,7102,LOLAH TIGA,0
7102242009,710224,7102,RANOTONGKOR,0
7102242010,710224,7102,RANOTONGKOR TIMUR,0
7102252001,710225,7102,PENAESAAN,0
7102252002,710225,7102,TOMPASO DUA,0
7102252003,710225,7102,TOMPASO DUA UTARA,0
7102252004,710225,7102,PINABETENGAN UTARA,0
7102252005,710225,7102,PINABETENGAN,0
7102252006,710225,7102,PINABETENGAN SELATAN,0
7102252007,710225,7102,TONSEWER,0
7102252008,710225,7102,TONSEWER SELATAN,0
7102252009,710225,7102,TOUURE,0
7102252010,710225,7102,TOUURE DUA,0
7103082001,710308,7103,KALASUGE,0
7103082002,710308,7103,BAHU,0
7103082003,710308,7103,MALA,0
7103082004,710308,7103,KALEKUBE,0
7103082005,710308,7103,NAHA,0
7103082006,710308,7103,BEHA,0
7103082007,710308,7103,UTAURANO,0
7103082008,710308,7103,LENGANENG,0
7103082009,710308,7103,TAROLANG,0
7103082010,710308,7103,TOLA,0
7103082011,710308,7103,KALURAE,0
7103082012,710308,7103,BENGKETANG,0
7103082013,710308,7103,PETTA,0
7103082014,710308,7103,BOWONGKULU,0
7103082016,710308,7103,PUSUNGE,0
7103082017,710308,7103,MOADE,0
7103082019,710308,7103,RAKU,0
7103082020,710308,7103,PETTA TIMUR,0
7103082021,710308,7103,PETTA BARAT,0
7103082022,710308,7103,PETTA SELATAN,0
7103082023,710308,7103,LIKUANG,0
7103082024,710308,7103,KALEKUBE I,0
7103082025,710308,7103,BOWONGKULU I,0
7103082026,710308,7103,NAHA I,0
7103092001,710309,7103,NANEDAKELE,0
7103092002,710309,7103,NUSA,0
7103092003,710309,7103,BUKIDE,0
7103092004,710309,7103,BUKIDE TIMUR,0
7103092005,710309,7103,NANUSA,0
7103102001,710310,7103,KALUWATU,0
7103102002,710310,7103,LAINE,0
7103102003,710310,7103,LAPANGO,0
7103102004,710310,7103,SOWAENG,0
7103102005,710310,7103,NGALIPAENG I,0
7103102006,710310,7103,NGALIPAENG II,0
7103102007,710310,7103,BATUNDERANG,0
7103102008,710310,7103,BEBALANG,0
7103102009,710310,7103,MAWIRA,0
7103102010,710310,7103,PINDANG,0
7103102011,710310,7103,LAPEPAHE,0
7103102012,710310,7103,LEHIMI TARIANG,0
7103102013,710310,7103,LAPANGO I,0
7103112001,710311,7103,KALAMA,0
7103112002,710311,7103,KAHAKITANG,0
7103112003,710311,7103,MAHENGETANG,0
7103112004,710311,7103,PARA,0
7103112005,710311,7103,DALAKO BEMBANEHE,0
7103112006,710311,7103,TALEKO BATUSAIKI,0
7103112007,710311,7103,PARA I,0
7103122001,710312,7103,NAGHA I,0
7103122002,710312,7103,NAGHA II,0
7103122003,710312,7103,POKOL,0
7103122004,710312,7103,BALANE,0
7103122005,710312,7103,BINALA,0
7103122006,710312,7103,ULUNG PELIANG,0
7103122007,710312,7103,MENGGAWA,0
7103122008,710312,7103,KALINDA,0
7103122009,710312,7103,B E B U,0
7103122010,710312,7103,MAKALEKUHE,0
7103122011,710312,7103,PANANARU,0
7103122012,710312,7103,D A G H O,0
7103122013,710312,7103,MAHUMU,0
7103122014,710312,7103,LELIPANG,0
7103122015,710312,7103,MENGGAWA II,0
7103122016,710312,7103,KALAMA DARAT,0
7103122017,710312,7103,KALINDA I,0
7103122018,710312,7103,MAHUMU I,0
7103122019,710312,7103,MAHUMU II,0
7103122020,710312,7103,HESANG,0
7103132001,710313,7103,TAWOALI,0
7103132002,710313,7103,BARANGKA,0
7103132003,710313,7103,NAHEPESE,0
7103132004,710313,7103,MANUMPITAENG,0
7103132005,710313,7103,TALOARANE,0
7103132006,710313,7103,MALA,0
7103132007,710313,7103,KARATUNG I,0
7103132008,710313,7103,KARATUNG II,0
7103132009,710313,7103,KAUHIS,0
7103132010,710313,7103,SESIWUNG,0
7103132011,710313,7103,LEBO,0
7103132012,710313,7103,BARANGKALANG,0
7103132013,710313,7103,BELENGANG,0
7103132014,710313,7103,BAKALAENG,0
7103132015,710313,7103,HIUNG,0
7103132016,710313,7103,PINEBENTENGANG,0
7103132017,710313,7103,TALOARANE I,0
7103132018,710313,7103,BENGKA,0
7103142001,710314,7103,BOWONGKALI,0
7103142002,710314,7103,KULUR I,0
7103142003,710314,7103,KULUR II,0
7103142004,710314,7103,BIRA,0
7103142005,710314,7103,KUMA,0
7103142006,710314,7103,BUNGALAWANG,0
7103142007,710314,7103,MIULU,0
7103142008,710314,7103,GUNUNG,0
7103142009,710314,7103,TALENGEN,0
7103142010,710314,7103,BIRU,0
7103142011,710314,7103,TARIANG BARU,0
7103142012,710314,7103,SENSONG,0
7103142013,710314,7103,RENDINGAN,0
7103142014,710314,7103,PALAHANAENG,0
7103142015,710314,7103,TIMBELANG,0
7103142016,710314,7103,PELELANGEN,0
7103142017,710314,7103,MALUENG,0
7103142018,710314,7103,KUMA I,0
7103152001,710315,7103,SIMUENG,0
7103152002,710315,7103,BENTUNG,0
7103152003,710315,7103,LESABE,0
7103152004,710315,7103,MALAMMENGGU,0
7103152005,710315,7103,PALARENG,0
7103152007,710315,7103,BINEBAS,0
7103152008,710315,7103,MANDOI,0
7103152015,710315,7103,BATUWINGKUNG,0
7103152016,710315,7103,BIRAHI,0
7103152017,710315,7103,LAOTONGAN,0
7103152018,710315,7103,BUKIDE,0
7103152019,710315,7103,KALAGHENG,0
7103152020,710315,7103,LESABE I,0
7103152021,710315,7103,BULO,0
7103162001,710316,7103,KENDAHE I,0
7103162002,710316,7103,KENDAHE II,0
7103162003,710316,7103,TALAWID,0
7103162004,710316,7103,TARIANG LAMA,0
7103162005,710316,7103,PEMPALARAENG,0
7103162006,710316,7103,MOHONG SAWANG,0
7103162007,710316,7103,LIPANG,0
7103162008,710316,7103,KAWALUSO,0
7103171006,710317,7103,SAWANG BENDAR,0
7103171007,710317,7103,SOATALOARA I,0
7103171008,710317,7103,APENGSEMBEKA,0
7103171009,710317,7103,MAHENA,0
7103171015,710317,7103,BUNGALAWANG,0
7103171016,710317,7103,SANTIAGO,0
7103171017,710317,7103,MANENTE,0
7103171018,710317,7103,SOATALOARA II,0
7103192001,710319,7103,HANGKE,0
7103192002,710319,7103,SALURANG,0
7103192003,710319,7103,TAMBUNG,0
7103192004,710319,7103,BEENG,0
7103192005,710319,7103,LEHUPU,0
7103192006,710319,7103,BOWONE,0
7103192007,710319,7103,BEENG LAUT,0
7103192008,710319,7103,TENDA,0
7103192009,710319,7103,AHA PATUNG,0
7103202001,710320,7103,PINTARENG,0
7103202002,710320,7103,BASAUH,0
7103202003,710320,7103,TUMALEDE,0
7103202004,710320,7103,SAMPAKANG,0
7103202005,710320,7103,DALOKAWENG,0
7103202006,710320,7103,MALISADE,0
7103231001,710323,7103,PANANEKENG,0
7103231002,710323,7103,ANGGES,0
7103231003,710323,7103,KOLONGAN MITUNG,0
7103231004,710323,7103,KOLONGAN BEHA,0
7103231005,710323,7103,KOLONGAN BEHA BARU,0
7103231006,710323,7103,KOLONGAN AKEMBAWI,0
7103241001,710324,7103,LESA,0
7103241002,710324,7103,ENENGPAHEMBANG,0
7103241003,710324,7103,TAPUANG,0
7103241004,710324,7103,TIDORE,0
7103241005,710324,7103,TONA I,0
7103241006,710324,7103,TONA II,0
7103241007,710324,7103,DUMUHUNG,0
7103241008,710324,7103,BATULEWEHE,0
7103252001,710325,7103,MARORE,0
7103252002,710325,7103,KAWIO,0
7103252003,710325,7103,MATUTUANG,0
7104011005,710401,7104,LIRUNG,0
7104011011,710401,7104,LIRUNG SATU,0
7104011024,710401,7104,LIRUNG MATANE,0
7104012006,710401,7104,SEREH,0
7104012007,710401,7104,MUSI,0
7104012015,710401,7104,TALOLANG,0
7104012017,710401,7104,SEREH I,0
7104021005,710402,7104,B E O,0
7104021017,710402,7104,BEO TIMUR,0
7104021018,710402,7104,BEO BARAT,0
7104022011,710402,7104,BANTIK,0
7104022019,710402,7104,BENGEL,0
7104022020,710402,7104,BANTIK LAMA,0
7104032003,710403,7104,A L O,0
7104032004,710403,7104,N U N U,0
7104032005,710403,7104,R A I N I S,0
7104032006,710403,7104,BANTANE,0
7104032007,710403,7104,TABANG,0
7104032014,710403,7104,PARANGEN,0
7104032015,710403,7104,BANTANE UTARA,0
7104032018,710403,7104,TABANG BARAT,0
7104032020,710403,7104,NUNU UTARA,0
7104032021,710403,7104,RAINIS BATUPENGA,0
7104032022,710403,7104,ALO UTARA,0
7104042006,710404,7104,E S S A N G,0
7104042007,710404,7104,LALUE,0
7104042008,710404,7104,BULUDE,0
7104042016,710404,7104,MARIRIK,0
7104042018,710404,7104,ESSANG SELATAN,0
7104042019,710404,7104,BULUDE SELATAN,0
7104042020,710404,7104,LALUE TENGAH,0
7104042021,710404,7104,LALUE UTARA,0
7104052001,710405,7104,KAKOROTAN,0
7104052002,710405,7104,MARAMPIT,0
7104052003,710405,7104,LALUHE,0
7104052004,710405,7104,DAMPULIS,0
7104052005,710405,7104,KARATUNG,0
7104052007,710405,7104,KARATUNG TENGAH,0
7104052008,710405,7104,KARATUNG SELATAN,0
7104052009,710405,7104,DAMPULIS SELATAN,0
7104052010,710405,7104,MARAMPIT TIMUR,0
7104062001,710406,7104,PANGERAN,0
7104062007,710406,7104,BULUDE,0
7104062008,710406,7104,PANTUGE,0
7104062009,710406,7104,KABARUAN,0
7104062010,710406,7104,MANGARAN,0
7104062011,710406,7104,KORDAKEL,0
7104062012,710406,7104,RARANGE,0
7104062013,710406,7104,TADUNA,0
7104062017,710406,7104,KABARUAN TIMUR,0
7104062018,710406,7104,PANTUGE TIMUR,0
7104062019,710406,7104,PANNULAN,0
7104062020,710406,7104,BULUDE SELATAN,0
7104071001,710407,7104,MELONGUANE,0
7104071009,710407,7104,MELONGUANE TIMUR,0
7104071010,710407,7104,MELONGUANE BARAT,0
7104072002,710407,7104,MALA,0
7104072003,710407,7104,KIAMA,0
7104072006,710407,7104,TARUN,0
7104072007,710407,7104,SAWANG,0
7104072008,710407,7104,AMBELA,0
7104072011,710407,7104,TARUN SELATAN,0
7104072012,710407,7104,KIAMA BARAT,0
7104072015,710407,7104,MAREDAREN UTARA,0
7104072016,710407,7104,SAWANG UTARA,0
7104072017,710407,7104,MALA TIMUR,0
7104082001,710408,7104,MAMAHAN,0
7104082002,710408,7104,BAMBUNG,0
7104082003,710408,7104,TATURAN,0
7104082004,710408,7104,G E M E H,0
7104082005,710408,7104,ARANGKAA,0
7104082006,710408,7104,MALAT,0
7104082007,710408,7104,APAN,0
7104082008,710408,7104,TARUAN,0
7104082009,710408,7104,BANNADA,0
7104082010,710408,7104,GEMEH RASMATA,0
7104082011,710408,7104,GEMEH WANTANE,0
7104082012,710408,7104,BAMBUNG TIMUR,0
7104082013,710408,7104,MALAT UTARA,0
7104082014,710408,7104,MAMAHAN BARAT,0
7104082015,710408,7104,LAHU,0
7104092001,710409,7104,PERET,0
7104092002,710409,7104,IGHIK,0
7104092003,710409,7104,BIRANG,0
7104092004,710409,7104,AKAS,0
7104092005,710409,7104,DAMAU,0
7104092006,710409,7104,DAMAU BOWONE,0
7104092007,710409,7104,TADUWALE,0
7104092008,710409,7104,AKAS BALANE,0
7104102001,710410,7104,TUABATU,0
7104102002,710410,7104,DAPALAN,0
7104102003,710410,7104,R I U N G,0
7104102004,710410,7104,A M M A T,0
7104102005,710410,7104,BINALANG,0
7104102006,710410,7104,GANALO,0
7104102007,710410,7104,DAPIHE,0
7104102008,710410,7104,TUABATU BARAT,0
7104102009,710410,7104,AMMAT SELATAN,0
7104102010,710410,7104,BINALANG TIMUR,0
7104102011,710410,7104,RIUNG UTARA,0
7104112001,710411,7104,BITUNURIS,0
7104112002,710411,7104,BITUNURIS SELATAN,0
7104112003,710411,7104,SALIBABU,0
7104112004,710411,7104,SALIBABU UTARA,0
7104112005,710411,7104,DALUM,0
7104112006,710411,7104,BALANG,0
7104122001,710412,7104,KALONGAN,0
7104122002,710412,7104,KALONGAN UTARA,0
7104122003,710412,7104,KALONGAN SELATAN,0
7104122004,710412,7104,ALUDE,0
7104122005,710412,7104,MUSI I,0
7104132001,710413,7104,PULAU MIANGAS,0
7104141001,710414,7104,MAKATARA,0
7104141002,710414,7104,MAKATARA TIMUR,0
7104142003,710414,7104,AWIT,0
7104142004,710414,7104,AWIT SELATAN,0
7104142005,710414,7104,RAE,0
7104142006,710414,7104,RAE SELATAN,0
7104142007,710414,7104,LOBBO,0
7104142008,710414,7104,LOBBO I,0
7104152001,710415,7104,PULUTAN,0
7104152002,710415,7104,PULUTAN UTARA,0
7104152003,710415,7104,PULUTAN SELATAN,0
7104152004,710415,7104,DARAN,0
7104152005,710415,7104,DARAN UTARA,0
7104162001,710416,7104,TULE,0
7104162002,710416,7104,TULE TENGAH,0
7104162003,710416,7104,TULE UTARA,0
7104162004,710416,7104,BOWOMBARU,0
7104162005,710416,7104,BOWOMBARU TENGAH,0
7104162006,710416,7104,BOWOMBARU UTARA,0
7104172001,710417,7104,MORONGE,0
7104172002,710417,7104,MORONGE I,0
7104172003,710417,7104,MORONGE II,0
7104172004,710417,7104,MORONGE SELATAN,0
7104172005,710417,7104,MORONGE SELATAN II,0
7104172006,710417,7104,MORONGE SELATAN I,0
7104182001,710418,7104,PAMPALU,0
7104182002,710418,7104,RUSO,0
7104182003,710418,7104,NIAMPAK,0
7104182004,710418,7104,NIAMPAK UTARA,0
7104182005,710418,7104,TAROHAN,0
7104182006,710418,7104,TAROHAN SELATAN,0
7104182007,710418,7104,MATAHIT,0
7104192001,710419,7104,SAMBUARA SATU,0
7104192002,710419,7104,SAMBUARA,0
7104192003,710419,7104,ENSEM,0
7104192004,710419,7104,ENSEM I,0
7104192005,710419,7104,BATUMBALANGO,0
7104192006,710419,7104,AMBIA,0
7104192007,710419,7104,AMBIA UTARA,0
7104192008,710419,7104,K U M A,0
7104192009,710419,7104,KUMA SELATAN,0
7105012001,710501,7105,SINISIR,0
7105012002,710501,7105,KAKENTURAN,0
7105012003,710501,7105,PALELON,0
7105012004,710501,7105,PINASUNGKULAN,0
7105012005,710501,7105,WULURMAATUS,0
7105012006,710501,7105,MAKAARUYEN,0
7105012007,710501,7105,LINELEAN,0
7105012008,710501,7105,MOKOBANG,0
7105012009,710501,7105,KAKENTURAN BARAT,0
7105012010,710501,7105,PINASUNGKULAN UTARA,0
7105022009,710502,7105,RARAATEAN,0
7105022010,710502,7105,SION,0
7105022011,710502,7105,TOMPASO BARU I,0
7105022012,710502,7105,KINALAWIRAN,0
7105022013,710502,7105,TOMPASO BARU II,0
7105022014,710502,7105,PINAESAAN,0
7105022015,710502,7105,TOROUT,0
7105022016,710502,7105,LINDANGAN,0
7105022017,710502,7105,KAROWA,0
7105022018,710502,7105,LIANDOK,0
7105032002,710503,7105,POOPO,0
7105032003,710503,7105,RANOYAPO,0
7105032004,710503,7105,MOPOLO,0
7105032005,710503,7105,BERINGIN,0
7105032006,710503,7105,POWALUTAN,0
7105032008,710503,7105,LOMPAD,0
7105032009,710503,7105,LOMPAD BARU,0
7105032010,710503,7105,PONTAK,0
7105032012,710503,7105,POOPO UTARA,0
7105032013,710503,7105,POOPO BARAT,0
7105032014,710503,7105,PONTAK SATU,0
7105032015,710503,7105,MOPOLO ESA,0
7105072001,710507,7105,MOTOLING,0
7105072002,710507,7105,MOTOLING MAWALE,0
7105072003,710507,7105,MOTOLING I,0
7105072004,710507,7105,MOTOLING II,0
7105072005,710507,7105,PICUAN BARU,0
7105072015,710507,7105,LALUMPE,0
7105072021,710507,7105,RAANAN LAMA,0
7105082001,710508,7105,BLONGKO,0
7105082002,710508,7105,BOYONGPANTE,0
7105082003,710508,7105,TINIAWANGKO,0
7105082004,710508,7105,ONGKAW I,0
7105082005,710508,7105,ONGKAW II,0
7105082006,710508,7105,AERGALE,0
7105082007,710508,7105,POIGAR I,0
7105082008,710508,7105,POIGAR II,0
7105082009,710508,7105,DURIAN,0
7105082010,710508,7105,TANAMON,0
7105082011,710508,7105,ONGKAW TIGA,0
7105082012,710508,7105,BOYONGPANTE DUA,0
7105082013,710508,7105,TANAMON UTARA,0
7105092001,710509,7105,BOYONG ATAS,0
7105092002,710509,7105,PAKU URE II,0
7105092003,710509,7105,TENGA,0
7105092004,710509,7105,RADEY,0
7105092005,710509,7105,TAWAANG,0
7105092009,710509,7105,PAKUWERU,0
7105092010,710509,7105,SAPA,0
7105092011,710509,7105,PAKUURE SATU,0
7105092012,710509,7105,PAKUURE TIGA,0
7105092014,710509,7105,MOLINOW,0
7105092015,710509,7105,PAKU URE,0
7105092016,710509,7105,PAKU URE TINANIAN,0
7105092017,710509,7105,PAKU URE KINAMANG,0
7105092018,710509,7105,PAKUWERU UTARA,0
7105092019,710509,7105,SAPA BARAT,0
7105092020,710509,7105,SAPA TIMUR,0
7105092021,710509,7105,TAWAANG TIMUR,0
7105092022,710509,7105,TAWAANG BARAT,0
7105101004,710510,7105,BUYUNGON,0
7105101005,710510,7105,RANOYAPO,0
7105101006,710510,7105,UWURAN I,0
7105101007,710510,7105,UWURAN II,0
7105101008,710510,7105,LEWET,0
7105101010,710510,7105,BITUNG,0
7105102009,710510,7105,RANOKETANG TUA,0
7105102018,710510,7105,KILOMETER 3,0
7105122001,710512,7105,TUMPAAN SATU,0
7105122002,710512,7105,TUMPAAN,0
7105122003,710512,7105,MATANI,0
7105122004,710512,7105,POPONTOLEN,0
7105122005,710512,7105,LELEMA,0
7105122006,710512,7105,TANGKUNEI,0
7105122007,710512,7105,MUNTE,0
7105122016,710512,7105,TUMPAAN BARU,0
7105122017,710512,7105,MATANI SATU,0
7105122018,710512,7105,TUMPAN DUA,0
7105132001,710513,7105,PINAMORONGAN,0
7105132002,710513,7105,KANEYAN,0
7105132003,710513,7105,KORENG,0
7105132004,710513,7105,TUMALUNTUNG,0
7105132005,710513,7105,RUMOONG ATAS,0
7105132006,710513,7105,LANSOT,0
7105132007,710513,7105,WIAU LAPI,0
7105132008,710513,7105,WUWUK,0
7105132014,710513,7105,RUMOONG ATAS DUA,0
7105132017,710513,7105,LANSOT TIMUR,0
7105132018,710513,7105,WUWUK BARAT,0
7105132019,710513,7105,TUMALUNTUNG SATU,0
7105132020,710513,7105,WIAU LAPI BARAT,0
7105152002,710515,7105,KUMELEMBUAI,0
7105152003,710515,7105,KUMELEMBUAI ATAS,0
7105152004,710515,7105,KUMELEMBUAI SATU,0
7105152005,710515,7105,MALOLA,0
7105152006,710515,7105,MALOLA I,0
7105152007,710515,7105,MAKASILI,0
7105152011,710515,7105,KUMELEMBUAI DUA,0
7105152015,710515,7105,LOLOMBULAN MAKASILI,0
7105162001,710516,7105,TUMANI,0
7105162002,710516,7105,LOWIAN,0
7105162003,710516,7105,KINAWERUAN,0
7105162004,710516,7105,LININGAAN,0
7105162005,710516,7105,BOJONEGORO,0
7105162006,710516,7105,TAMBELANG,0
7105162007,710516,7105,KINAMANG,0
7105162008,710516,7105,TEMBOAN,0
7105162009,710516,7105,KINAMANG SATU,0
7105162010,710516,7105,LOWIAN SATU,0
7105162011,710516,7105,TUMANI UTARA,0
7105162012,710516,7105,TUMANI SELATAN,0
7105171002,710517,7105,KAWANGKOAN BAWAH,0
7105171003,710517,7105,RUMOONG BAWAH,0
7105172001,710517,7105,KAPITU,0
7105172004,710517,7105,RUMOONG BAWAH,0
7105172005,710517,7105,TEWASEN,0
7105172006,710517,7105,PONDOS,0
7105172007,710517,7105,ELUSAN,0
7105172008,710517,7105,TEEP,0
7105172009,710517,7105,WAKAN,0
7105172010,710517,7105,TEEP TRANS,0
7105181002,710518,7105,PONDANG,0
7105181003,710518,7105,RANOMEA,0
7105182001,710518,7105,LOPANA,0
7105182004,710518,7105,PINALING,0
7105182005,710518,7105,KOTA MENARA,0
7105182006,710518,7105,MALIKU,0
7105182007,710518,7105,RITEY,0
7105182008,710518,7105,MALENOS BARU,0
7105182009,710518,7105,MALIKU SATU,0
7105182010,710518,7105,LOPANA SATU,0
7105192001,710519,7105,PASLATEN,0
7105192002,710519,7105,SULU,0
7105192003,710519,7105,BAJO,0
7105192004,710519,7105,WAWONA,0
7105192005,710519,7105,POPARENG,0
7105192006,710519,7105,WAWONTULAP,0
7105192007,710519,7105,SONDAKEN,0
7105192008,710519,7105,PUNGKOL,0
7105192009,710519,7105,RAPRAP,0
7105192010,710519,7105,PASLATEN SATU,0
7105192011,710519,7105,ARAKAN,0
7105212001,710521,7105,TONDEI,0
7105212002,710521,7105,TONDEI SATU,0
7105212003,710521,7105,TONDEI DUA,0
7105212004,710521,7105,RAANAN BARU,0
7105212005,710521,7105,RANAAN BARU SATU,0
7105212006,710521,7105,RANAAN BARU DUA,0
7105212007,710521,7105,TOYOPON,0
7105212008,710521,7105,KEROIT,0
7105222001,710522,7105,KARIMBOW,0
7105222002,710522,7105,KARIMBOW TALIKURAN,0
7105222003,710522,7105,TOKIN,0
7105222004,710522,7105,TOKIN BARU,0
7105222005,710522,7105,WANGA AMONGENA,0
7105222006,710522,7105,WANGA,0
7105222007,710522,7105,PICUAN,0
7105222008,710522,7105,PICUAN SATU,0
7105232001,710523,7105,TALAITAD,0
7105232002,710523,7105,SULUUN SATU,0
7105232003,710523,7105,SULUUN DUA,0
7105232004,710523,7105,SULUUN TIGA,0
7105232005,710523,7105,SULUUN EMPAT,0
7105232006,710523,7105,PINAPALANGKOW,0
7105232007,710523,7105,KAPOYA,0
7105232008,710523,7105,TALAITAD UTARA,0
7105232009,710523,7105,KAPOYA SATU,0
7106012001,710601,7106,MAKALISUNG,0
7106012002,710601,7106,WALEO,0
7106012003,710601,7106,LILANG,0
7106012004,710601,7106,LANSOT,0
7106012005,710601,7106,KEMA III,0
7106012006,710601,7106,KEMA II,0
7106012007,710601,7106,KEMA I,0
7106012008,710601,7106,TONTALETE,0
7106012009,710601,7106,TONTAALETE ROK-ROK,0
7106012010,710601,7106,WALEO DUA,0
7106022001,710602,7106,KAUDITAN II,0
7106022002,710602,7106,KAUDITAN I,0
7106022003,710602,7106,KAWILEY,0
7106022004,710602,7106,TREMAN,0
7106022005,710602,7106,KAIMA,0
7106022006,710602,7106,KAREGESAN,0
7106022007,710602,7106,KAASAR,0
7106022008,710602,7106,LEMBEAN,0
7106022009,710602,7106,PASLATEN,0
7106022010,710602,7106,TUMALUNTUNG,0
7106022011,710602,7106,WATUDAMBO,0
7106022012,710602,7106,WATUDAMBO DUA,0
7106031005,710603,7106,AIRMADIDI BAWAH,0
7106031006,710603,7106,RAP-RAP,0
7106031007,710603,7106,SARONSONG I,0
7106031008,710603,7106,AIRMADIDI ATAS,0
7106031009,710603,7106,SUKUR,0
7106031011,710603,7106,SARONGSONG II,0
7106032002,710603,7106,TANGGARI,0
7106032003,710603,7106,SAMPIRI,0
7106032004,710603,7106,SAWANGAN,0
7106042001,710604,7106,TIWOHO,0
7106042002,710604,7106,WORI,0
7106042003,710604,7106,KIMA BAJO,0
7106042004,710604,7106,TALAWAAN BANTIK,0
7106042005,710604,7106,TALAWAAN ATAS,0
7106042006,710604,7106,BUDO,0
7106042007,710604,7106,DARUNU,0
7106042008,710604,7106,MANTEHAGE III TINONGKO,0
7106042009,710604,7106,NAIN,0
7106042010,710604,7106,MANTEHAGE/BUHIAS,0
7106042011,710604,7106,MANTEHAGE/BANGO,0
7106042012,710604,7106,MANTEHAGE II TANGKASI,0
7106042013,710604,7106,KULU,0
7106042014,710604,7106,BULO,0
7106042015,710604,7106,LANSA,0
7106042016,710604,7106,LANTUNG,0
7106042017,710604,7106,PONTOH,0
7106042018,710604,7106,MINAESA,0
7106042019,710604,7106,NAIN TATAMPI,0
7106042020,710604,7106,NAIN SATU,0
7106052003,710605,7106,MATUNGKAS,0
7106052004,710605,7106,LAIKIT,0
7106052005,710605,7106,KLABAT,0
7106052006,710605,7106,PINILIH,0
7106052007,710605,7106,TATELU,0
7106052008,710605,7106,WARUKAPAS,0
7106052009,710605,7106,TETEY,0
7106052013,710605,7106,WASIAN,0
7106052014,710605,7106,LUMPIAS,0
7106052016,710605,7106,DIMEMBE,0
7106052020,710605,7106,TATELU RONDOR,0
7106062001,710606,7106,GANGGA I,0
7106062002,710606,7106,GANGGA II,0
7106062003,710606,7106,TALISE,0
7106062004,710606,7106,AIRBANUA,0
7106062005,710606,7106,PALAES,0
7106062006,710606,7106,MALIAMBAO,0
7106062007,710606,7106,TERMAAL,0
7106062008,710606,7106,PAPUTUNGAN,0
7106062009,710606,7106,JAYAKARSA,0
7106062010,710606,7106,TANAH PUTIH,0
7106062011,710606,7106,BAHOI,0
7106062012,710606,7106,TARABITAN,0
7106062013,710606,7106,SEREI,0
7106062014,710606,7106,SONSILO,0
7106062015,710606,7106,MUBUNE,0
7106062016,710606,7106,MUNTE,0
7106062017,710606,7106,BULUTUI,0
7106062018,710606,7106,WAWUNIAN,0
7106062019,710606,7106,KINABUHUTAN,0
7106062020,710606,7106,TAMBUN,0
7106072008,710607,7106,LIKUPANG I,0
7106072009,710607,7106,LIKUPANG II,0
7106072010,710607,7106,SERAWET,0
7106072011,710607,7106,WINERU,0
7106072012,710607,7106,MAEN,0
7106072013,710607,7106,WINURI,0
7106072014,710607,7106,MARINSOW,0
7106072015,710607,7106,PULISAN,0
7106072016,710607,7106,KALINAUN,0
7106072017,710607,7106,RINONDORAN,0
7106072018,710607,7106,PINENEK,0
7106072019,710607,7106,LIHUNU,0
7106072020,710607,7106,KAHUHU,0
7106072021,710607,7106,LIBAS,0
7106072022,710607,7106,LIKUPANG KAMPUNG AMBONG,0
7106072023,710607,7106,KINUNANG,0
7106072024,710607,7106,RESETLEMEN,0
7106072025,710607,7106,EHE,0
7106082001,710608,7106,SUWAAN,0
7106082002,710608,7106,KUWIL,0
7106082003,710608,7106,KAWANGKOAN,0
7106082004,710608,7106,KOLONGAN,0
7106082005,710608,7106,MAUMBI,0
7106082006,710608,7106,KALEOSAN,0
7106082007,710608,7106,WATUTUMOU,0
7106082008,710608,7106,KOLONGAN TETEMPANGAN,0
7106082009,710608,7106,KAWANGKOAN BARU,0
7106082010,710608,7106,KALAWAT,0
7106082011,710608,7106,WATUTUMOU DUA,0
7106082012,710608,7106,WATUTUMOU TIGA,0
7106092001,710609,7106,PANIKI ATAS,0
7106092002,710609,7106,KOLONGAN,0
7106092003,710609,7106,TALAWAAN,0
7106092004,710609,7106,MAPANGET,0
7106092005,710609,7106,WUSA,0
7106092006,710609,7106,WARISA,0
7106092007,710609,7106,TUMBOHON,0
7106092008,710609,7106,WINETIN,0
7106092009,710609,7106,PATOKAAN,0
7106092010,710609,7106,TEEPWARISA,0
7106092011,710609,7106,WARISA KAMPUNG BARU,0
7106092012,710609,7106,PANIKI BARU,0
7106102001,710610,7106,KOKOLEH SATU,0
7106102002,710610,7106,KOKOLEH DUA,0
7106102003,710610,7106,PASLATEN,0
7106102004,710610,7106,KAWERUAN,0
7106102005,710610,7106,WANGURER,0
7106102006,710610,7106,BATU,0
7106102007,710610,7106,WEROT,0
7107011004,710701,7107,TOSURAYA,0
7107011005,710701,7107,WAWALI,0
7107011008,710701,7107,LOWU DUA,0
7107011009,710701,7107,LOWU SATU,0
7107011016,710701,7107,LOWU UTARA,0
7107011017,710701,7107,NATAAN,0
7107011018,710701,7107,TOSURAYA BARAT,0
7107011019,710701,7107,TOSURAYA SELATAN,0
7107011020,710701,7107,WAWALI PASAN,0
7107012003,710701,7107,RASI,0
7107012021,710701,7107,RASI SATU,0
7107022001,710702,7107,TATENGESAN,0
7107022002,710702,7107,WIAU,0
7107022003,710702,7107,BENTENAN,0
7107022004,710702,7107,TUMBAK,0
7107022005,710702,7107,MAKALU,0
7107022006,710702,7107,MINANGA,0
7107022007,710702,7107,MINANGA SATU,0
7107022008,710702,7107,BENTENAN INDAH,0
7107022009,710702,7107,MINANGA TIMUR,0
7107022010,710702,7107,MINANGA DUA,0
7107022011,710702,7107,MINANGA TIGA,0
7107022012,710702,7107,MAKALU SELATAN,0
7107022013,710702,7107,TATENGESAN SATU,0
7107022014,710702,7107,BENTENAN SATU,0
7107022015,710702,7107,TUMBAK MADANI,0
7107032001,710703,7107,MANGKIT,0
7107032002,710703,7107,BORGO,0
7107032003,710703,7107,BELANG,0
7107032004,710703,7107,BUKU,0
7107032005,710703,7107,BERINGIN,0
7107032006,710703,7107,TABABO,0
7107032007,710703,7107,WATULINEY,0
7107032008,710703,7107,MOLOMPAR,0
7107032009,710703,7107,BUKU UTARA,0
7107032010,710703,7107,BUKU SELATAN,0
7107032011,710703,7107,WATULINEY TENGAH,0
7107032012,710703,7107,WATULINEY INDAH,0
7107032013,710703,7107,MOLOMPAR UTARA,0
7107032014,710703,7107,MOLOMPAR TIMUR,0
7107032015,710703,7107,TABABO SELATAN,0
7107032016,710703,7107,BUKU TENGAH,0
7107032017,710703,7107,PONOSAKAN INDAH,0
7107032018,710703,7107,BUKU TENGGARA,0
7107032019,710703,7107,PONOSAKAN BELANG,0
7107032020,710703,7107,BORGO SATU,0
7107042001,710704,7107,RATATOTOK SATU,0
7107042002,710704,7107,RATATOTOK DUA,0
7107042003,710704,7107,RATATOTOK SELATAN,0
7107042004,710704,7107,RATATOTOK TIMUR,0
7107042005,710704,7107,BASAAN,0
7107042006,710704,7107,BASAAN SATU,0
7107042007,710704,7107,MOREA,0
7107042008,710704,7107,MOREA SATU,0
7107042009,710704,7107,SOYOAN,0
7107042010,710704,7107,BASAAN DUA,0
7107042011,710704,7107,RATATOTOK UTARA,0
7107042012,710704,7107,RATATOTOK TENGGARA,0
7107042013,710704,7107,RATATOTOK TENGAH,0
7107042014,710704,7107,RATATOTOK,0
7107042015,710704,7107,RATATOTOK MUARA,0
7107052006,710705,7107,TONSAWANG,0
7107052008,710705,7107,BETELAN,0
7107052009,710705,7107,TOMBATU SATU,0
7107052012,710705,7107,KALI,0
7107052014,710705,7107,PISA,0
7107052015,710705,7107,TOMBATU,0
7107052016,710705,7107,BETELAN SATU,0
7107052017,710705,7107,KALI OKI,0
7107052018,710705,7107,TOMBATU TIGA SELATAN,0
7107052019,710705,7107,TOMBATU TIGA TIMUR,0
7107052020,710705,7107,TONSAWANG SATU,0
7107062003,710706,7107,RANOKETANG ATAS,0
7107062004,710706,7107,TONDANAUW,0
7107062005,710706,7107,LOBU SATU,0
7107062006,710706,7107,LOBU DUA,0
7107062017,710706,7107,TONDANOUW SATU,0
7107062018,710706,7107,TOUNDANOUW ATAS,0
7107062019,710706,7107,RANOKETANG ATAS SATU,0
7107062020,710706,7107,LOBU KOTA,0
7107062021,710706,7107,LOBU ATAS,0
7107062022,710706,7107,LOBU,0
7107072001,710707,7107,KALAIT,0
7107072002,710707,7107,KALAIT SATU,0
7107072003,710707,7107,KALAIT DUA,0
7107072004,710707,7107,KALAIT TIGA,0
7107072005,710707,7107,LOWATAG,0
7107072006,710707,7107,BUNAG,0
7107072007,710707,7107,BANGA,0
7107072008,710707,7107,TAMBELANG,0
7107072009,710707,7107,RANOAKO,0
7107072010,710707,7107,SUHUYON,0
7107082001,710708,7107,SILIAN,0
7107082002,710708,7107,SILIAN UTARA,0
7107082003,710708,7107,SILIAN SATU,0
7107082004,710708,7107,SILIAN SELATAN,0
7107082005,710708,7107,SILIAN DUA,0
7107082006,710708,7107,SILIAN TENGAH,0
7107082007,710708,7107,SILIAN TIGA,0
7107082008,710708,7107,SILIAN BARAT,0
7107082009,710708,7107,SILIAN KOTA,0
7107082010,710708,7107,SILIAN TIMUR,0
7107092001,710709,7107,MOLOMPAR,0
7107092002,710709,7107,MOLOMPAR SATU,0
7107092003,710709,7107,MOLOMPAR ATAS,0
7107092004,710709,7107,MOLOMPAR DUA,0
7107092005,710709,7107,MOLOMPAR DUA UTARA,0
7107092006,710709,7107,MOLOMPAR DUA SELATAN,0
7107092007,710709,7107,MUNDUNG,0
7107092008,710709,7107,MUNDUNG SATU,0
7107092009,710709,7107,ESANDOM,0
7107092010,710709,7107,ESANDOM SATU,0
7107092011,710709,7107,ESANDOM DUA,0
7107102001,710710,7107,TOMBATU DUA,0
7107102002,710710,7107,TOMBATU DUA UTARA,0
7107102003,710710,7107,TOMBATU DUA BARAT,0
7107102004,710710,7107,TOMBATU DUA TENGAH,0
7107102005,710710,7107,TOMBATU TIGA,0
7107102006,710710,7107,TOMBATU TIGA TENGAH,0
7107102007,710710,7107,KUYANGA,0
7107102008,710710,7107,KUYANGA SATU,0
7107102009,710710,7107,WINORANGIAN,0
7107102010,710710,7107,WINORANGIAN SATU,0
7107112001,710711,7107,TOWUNTU,0
7107112002,710711,7107,TOWUNTU TIMUR,0
7107112003,710711,7107,TOWUNTU BARAT,0
7107112004,710711,7107,TOLOMBUKAN,0
7107112005,710711,7107,TOLOMBUKAN SATU,0
7107112006,710711,7107,TOLOMBUKAN BARAT,0
7107112007,710711,7107,LIWUTUNG,0
7107112008,710711,7107,LIWUTUNG SATU,0
7107112009,710711,7107,LIWUTUNG DUA,0
7107112010,710711,7107,PONIKI,0
7107112011,710711,7107,MAULIT,0
7107122001,710712,7107,WIOI,0
7107122002,710712,7107,WIOI SATU,0
7107122003,710712,7107,WIOI DUA,0
7107122004,710712,7107,WIOI TIGA,0
7107122005,710712,7107,WIOI TIMUR,0
7107122006,710712,7107,PANGU,0
7107122007,710712,7107,PANGU SATU,0
7107122008,710712,7107,PANGU DUA,0
7107122009,710712,7107,WONGKAI,0
7107122010,710712,7107,WONGKAI SATU,0
7108012001,710801,7108,SANGKUB I,0
7108012002,710801,7108,BUSISINGO,0
7108012003,710801,7108,SANG TOMBOLANG,0
7108012004,710801,7108,TOMBOLANGO,0
7108012005,710801,7108,PANGKUSA,0
7108012006,710801,7108,SANGKUB II,0
7108012007,710801,7108,SIDODADI,0
7108012008,710801,7108,SAMPIRO,0
7108012009,710801,7108,SANGKUB III,0
7108012010,710801,7108,BUSISINGO UTARA,0
7108012011,710801,7108,AMPENG SEMBEKA,0
7108012012,710801,7108,SUKA MAKMUR,0
7108012013,710801,7108,SANGKUB TIMUR,0
7108012014,710801,7108,MONOMPIA,0
7108012015,710801,7108,MOKUSATO,0
7108012016,710801,7108,SANGKUB EMPAT,0
7108021001,710802,7108,BINTAUNA,0
7108022002,710802,7108,HUNTUK,0
7108022003,710802,7108,MOME,0
7108022004,710802,7108,KUHANGA,0
7108022005,710802,7108,PADANG,0
7108022006,710802,7108,PIMPI,0
7108022007,710802,7108,BUNIA,0
7108022008,710802,7108,TALAGA,0
7108022009,710802,7108,BATULINTIK,0
7108022010,710802,7108,BINTAUNA PANTAI,0
7108022011,710802,7108,MINANGA,0
7108022012,710802,7108,KOPI,0
7108022013,710802,7108,VOA'A,0
7108022014,710802,7108,BUNONG,0
7108022015,710802,7108,PADANG BARAT,0
7108022016,710802,7108,VAHUTA,0
7108032001,710803,7108,MOKODITEK,0
7108032002,710803,7108,NUNUKA,0
7108032003,710803,7108,SALEO,0
7108032004,710803,7108,BOHABAK I,0
7108032005,710803,7108,BOHABAK II,0
7108032006,710803,7108,BINJEITA,0
7108032007,710803,7108,BIONTONG,0
7108032008,710803,7108,BIONTONG I,0
7108032009,710803,7108,BIONTONG II,0
7108032010,710803,7108,BINUANGA,0
7108032011,710803,7108,BOHABAK III,0
7108032012,710803,7108,BOHABAK IV,0
7108032013,710803,7108,BINJEITA I,0
7108032014,710803,7108,BINJEITA II,0
7108032015,710803,7108,MOKODITEK I,0
7108032016,710803,7108,LIPU BOGU,0
7108032017,710803,7108,BINUNI,0
7108032018,710803,7108,TANJUNG LABOU,0
7108032019,710803,7108,NAGARA,0
7108032020,710803,7108,SALEO SATU,0
7108042001,710804,7108,PAKU,0
7108042002,710804,7108,OLLOT,0
7108042003,710804,7108,SONUO,0
7108042004,710804,7108,JAMBUSARANG,0
7108042005,710804,7108,TALAGA TOMOAGU,0
7108042006,710804,7108,BOLANGITANG,0
7108042007,710804,7108,LANGI,0
7108042008,710804,7108,IYOK,0
7108042009,710804,7108,TOTE,0
7108042010,710804,7108,WAKAT,0
7108042011,710804,7108,OLLOT I,0
7108042012,710804,7108,OLLOT II,0
7108042013,710804,7108,BOLANGITANG I,0
7108042014,710804,7108,BOLANGITANG II,0
7108042015,710804,7108,TALAGA,0
7108042016,710804,7108,TANJUNG BUAYA,0
7108042017,710804,7108,KEIMANGA,0
7108042018,710804,7108,PAKU SELATAN,0
7108052001,710805,7108,SOLO,0
7108052002,710805,7108,BOROKO,0
7108052003,710805,7108,BIGO,0
7108052004,710805,7108,KUALA,0
7108052005,710805,7108,PONTAK,0
7108052006,710805,7108,INOMUNGA,0
7108052007,710805,7108,KOMUS II,0
7108052008,710805,7108,BOROKO TIMUR,0
7108052009,710805,7108,KUALA UTARA,0
7108052010,710805,7108,GIHANG,0
7108052011,710805,7108,BOROKO UTARA,0
7108052012,710805,7108,BIGO SELATAN,0
7108052013,710805,7108,SOLIGIR,0
7108052014,710805,7108,INOMUNGA UTARA,0
7108052015,710805,7108,KOMUS DUA TIMUR,0
7108062001,710806,7108,KOMUS I,0
7108062002,710806,7108,TUNTUNG,0
7108062003,710806,7108,BATU TAJAM,0
7108062004,710806,7108,DALAPULI,0
7108062005,710806,7108,BUKO,0
7108062006,710806,7108,DENGI,0
7108062007,710806,7108,TOMBULANG,0
7108062008,710806,7108,TUNTULOW,0
7108062009,710806,7108,KAYU OGU,0
7108062010,710806,7108,TANJUNG SIDUPA,0
7108062011,710806,7108,BUKO SELATAN,0
7108062012,710806,7108,BUSATO,0
7108062013,710806,7108,BATU BANTAYO,0
7108062014,710806,7108,PADANGO,0
7108062015,710806,7108,TUNTULOW UTARA,0
7108062016,710806,7108,DALAPULI TIMUR,0
7108062017,710806,7108,DALAPULI BARAT,0
7108062018,710806,7108,BUKO UTARA,0
7108062019,710806,7108,TAMBULANG TIMUR,0
7108062020,710806,7108,TAMBULANG PANTAI,0
7108062021,710806,7108,TUNTUNG TIMUR,0
7108062022,710806,7108,DUINI,0
7109011009,710901,7109,BEBALI,0
7109011010,710901,7109,TATAHADENG,0
7109011011,710901,7109,TARORANE,0
7109011012,710901,7109,AKESIMBEKA,0
7109011013,710901,7109,BAHU,0
7109012001,710901,7109,BUKIDE,0
7109012002,710901,7109,APELAWO,0
7109012003,710901,7109,DEAHE,0
7109012004,710901,7109,LIA,0
7109012005,710901,7109,KANANG,0
7109012006,710901,7109,BUISE,0
7109012007,710901,7109,KARALUNG,0
7109012008,710901,7109,DAME,0
7109012014,710901,7109,DAME I,0
7109012015,710901,7109,LIA SATU,0
7109012016,710901,7109,KARALUNG SATU,0
7109021002,710902,7109,PASENG,0
7109021003,710902,7109,PANIKI,0
7109021004,710902,7109,ONDONG,0
7109022001,710902,7109,PELING SAWANG,0
7109022005,710902,7109,KANAWONG,0
7109022006,710902,7109,BUMBIHA,0
7109022007,710902,7109,PEHE,0
7109022008,710902,7109,LEHI,0
7109022009,710902,7109,PELING,0
7109022010,710902,7109,MAKALEHI,0
7109022011,710902,7109,MAKALEHI UTARA,0
7109022012,710902,7109,MAKALEHI TIMUR,0
7109031001,710903,7109,BAHOI,0
7109031002,710903,7109,BALEHUMARA,0
7109032003,710903,7109,LESAH,0
7109032004,710903,7109,BOTO,0
7109032005,710903,7109,MOHONGSAWANG,0
7109032006,710903,7109,APENGSALA,0
7109032007,710903,7109,MULENGAN,0
7109032008,710903,7109,MAHANGIANG,0
7109032009,710903,7109,TULUSAN,0
7109032010,710903,7109,HAASI,0
7109032011,710903,7109,PUMPENTE,0
7109032012,710903,7109,LAINGPATEHI,0
7109032013,710903,7109,LESAH RENDE,0
7109032014,710903,7109,BARANGKA PEHE,0
7109032015,710903,7109,PAHIAMA,0
7109042001,710904,7109,MALA,0
7109042002,710904,7109,PANGIROLONG,0
7109042003,710904,7109,SAWANG,0
7109042004,710904,7109,BANDIL,0
7109042005,710904,7109,BIAU,0
7109042006,710904,7109,BALIRANGENG,0
7109042007,710904,7109,BUHIAS,0
7109042008,710904,7109,TAPILE,0
7109042009,710904,7109,LAHOPANG,0
7109042010,710904,7109,BINALU,0
7109042011,710904,7109,KALIHIANG,0
7109042012,710904,7109,PAHEPA,0
7109042013,710904,7109,BIAU SEHA,0
7109042014,710904,7109,MATOLE,0
7109052001,710905,7109,TANAKI,0
7109052002,710905,7109,KAPETA,0
7109052003,710905,7109,TALAWID,0
7109052004,710905,7109,LAGHAENG,0
7109052005,710905,7109,MAKOA,0
7109052006,710905,7109,BATUSENGGO,0
7109052007,710905,7109,MAHUNENI,0
7109062001,710906,7109,BULANGAN,0
7109062002,710906,7109,MINANGA,0
7109062003,710906,7109,WO,0
7109062004,710906,7109,BAWOLEU,0
7109062005,710906,7109,LUMBO,0
7109062006,710906,7109,BAWO,0
7109072001,710907,7109,BUANG,0
7109072002,710907,7109,KARUNGO,0
7109072003,710907,7109,LAMANGGO,0
7109072004,710907,7109,DALINSAHENG,0
7109072005,710907,7109,TOPE,0
7109082001,710908,7109,KINALI,0
7109082002,710908,7109,HIUNG,0
7109082003,710908,7109,KIAWANG,0
7109082004,710908,7109,KAWAHANG,0
7109082005,710908,7109,BATUBULAN,0
7109082006,710908,7109,NAMENG,0
7109082007,710908,7109,MINI,0
7109082008,710908,7109,WINANGUN,0
7109092001,710909,7109,SALILI,0
7109092002,710909,7109,BEONG,0
7109092003,710909,7109,LAI,0
7109092004,710909,7109,DOMPASE,0
7109102001,710910,7109,HUMBIA,0
7109102002,710910,7109,KISIHANG,0
7109102003,710910,7109,BIRA KIAMA,0
7109102004,710910,7109,BUHA,0
7109102005,710910,7109,BATUMAWIRA,0
7109102006,710910,7109,BIRARIKEI,0
7110012001,711001,7110,KAYUMOYONDI,0
7110012002,711001,7110,TOMBOLIKAT,0
7110012003,711001,7110,TUTUYAN,0
7110012004,711001,7110,TOGID,0
7110012005,711001,7110,DODAP,0
7110012006,711001,7110,DODAP PANTAI,0
7110012007,711001,7110,TUTUYAN II,0
7110012008,711001,7110,TUTUYAN III,0
7110012009,711001,7110,TOMBOLIKAT SELATAN,0
7110012010,711001,7110,DODOP MIKASA,0
7110022001,711002,7110,KOTABUNAN,0
7110022002,711002,7110,BUYAT,0
7110022003,711002,7110,BULAWAN,0
7110022004,711002,7110,PARET,0
7110022005,711002,7110,BUKAKA,0
7110022006,711002,7110,BUYAT I,0
7110022007,711002,7110,BUYAT II,0
7110022008,711002,7110,BUYAT SELATAN,0
7110022009,711002,7110,BUYAT TENGAH,0
7110022010,711002,7110,BUYAT BARAT,0
7110022011,711002,7110,BULAWAN SATU,0
7110022012,711002,7110,BULAWAN DUA,0
7110022013,711002,7110,KOTABUNAN SELATAN,0
7110022014,711002,7110,KOTABUNAN BARAT,0
7110022015,711002,7110,PARET TIMUR,0
7110032001,711003,7110,IDUMUN,0
7110032002,711003,7110,MATABULU,0
7110032003,711003,7110,NUANGAN,0
7110032006,711003,7110,BAI,0
7110032007,711003,7110,JIKO BELANGA,0
7110032010,711003,7110,NUANGAN I,0
7110032011,711003,7110,IYOK,0
7110032012,711003,7110,LOYOW,0
7110032014,711003,7110,MATABULU TIMUR,0
7110032018,711003,7110,NUANGAN BARAT,0
7110032019,711003,7110,NUANGAN SELATAN,0
7110042001,711004,7110,MODAYAG,0
7110042002,711004,7110,LIBERIA,0
7110042003,711004,7110,PURWOREJO,0
7110042007,711004,7110,BUYANDI,0
7110042008,711004,7110,TOBONGON,0
7110042009,711004,7110,LANUT,0
7110042010,711004,7110,BADARO,0
7110042011,711004,7110,MODAYAG BARAT,0
7110042012,711004,7110,MODAYAG TIMUR,0
7110042013,711004,7110,PURWOREJO TIMUR,0
7110042014,711004,7110,LIBERIA TIMUR,0
7110042016,711004,7110,PURWOREJO TENGAH,0
7110042021,711004,7110,CANDI REJO,0
7110042022,711004,7110,SUMBER REJO,0
7110052001,711005,7110,MOYONGKOTA,0
7110052002,711005,7110,BANGUNAN WUWUK,0
7110052003,711005,7110,BANGKUDAI BARAT,0
7110052004,711005,7110,BONGKUDAI,0
7110052005,711005,7110,MOYONGKOTA BARU,0
7110052006,711005,7110,MOONOW,0
7110052007,711005,7110,INATON,0
7110052008,711005,7110,BANGUNAN WUWUK TIMUR,0
7110052009,711005,7110,PINONOBATUAN,0
7110052010,711005,7110,TANGATON,0
7110062001,711006,7110,MOTONGKAD UTARA,0
7110062002,711006,7110,MOTONGKAD,0
7110062003,711006,7110,MOTONGKAD SELATAN,0
7110062004,711006,7110,ATOGA,0
7110062005,711006,7110,ATOGA TIMUR,0
7110062006,711006,7110,MOTONGKAD TENGAH,0
7110062007,711006,7110,MOLOBOG,0
7110062008,711006,7110,MOLOBOG BARAT,0
7110062009,711006,7110,JIKO,0
7110062010,711006,7110,JIKO UTARA,0
7110062011,711006,7110,MOLOBOG TIMUR,0
7110072001,711007,7110,MOOAT,0
7110072002,711007,7110,BONGKUDAI SELATAN,0
7110072003,711007,7110,BONGKUDAI BARU,0
7110072004,711007,7110,BONGKUDAI UTARA,0
7110072005,711007,7110,BONGKUDAI TIMUR,0
7110072006,711007,7110,GUAAN,0
7110072007,711007,7110,MOTOTOMPIAN,0
7110072008,711007,7110,MOKITOMPIA,0
7110072009,711007,7110,KOKAPOI,0
7110072010,711007,7110,KOKAPOI TIMUR,0
7111012004,711101,7111,TANGAGAH,0
7111012005,711101,7111,SALONGO,0
7111012006,711101,7111,TOLUAYA,0
7111012007,711101,7111,MOLIBAGU,0
7111012008,711101,7111,POPODU,0
7111012009,711101,7111,TOLONDADU,0
7111012010,711101,7111,TABILAA,0
7111012012,711101,7111,SONDANA,0
7111012013,711101,7111,DUDEPO,0
7111012014,711101,7111,PINOLANTUNGAN,0
7111012015,711101,7111,TOLONDADU I,0
7111012016,711101,7111,TOLONDADU II,0
7111012020,711101,7111,SOGUO,0
7111012022,711101,7111,PINTADIA,0
7111012023,711101,7111,SALONGO TIMUR,0
7111012027,711101,7111,SALONGO BARAT,0
7111012028,711101,7111,DUDEPO BARAT,0
7111022001,711102,7111,LION,0
7111022002,711102,7111,MOMALIA II,0
7111022003,711102,7111,MEYAMBANGA,0
7111022004,711102,7111,SAIBUAH,0
7111022007,711102,7111,SINOMBAYUGA,0
7111022008,711102,7111,LUWOO,0
7111022009,711102,7111,MOMALIA I,0
7111022011,711102,7111,SAKTI,0
7111022012,711102,7111,MANGGADAA,0
7111022013,711102,7111,PILOLAHUNGA,0
7111022014,711102,7111,TONALA,0
7111022016,711102,7111,ILOHELUMA,0
7111022017,711102,7111,MEYAMBANGA TIMUR,0
7111022019,711102,7111,MOLOSIPAT,0
7111022022,711102,7111,MOMALIA TIGA,0
7111022023,711102,7111,INOSOTA,0
7111032001,711103,7111,LINAWAN,0
7111032002,711103,7111,NUNUK,0
7111032003,711103,7111,PINOLOSIAN,0
7111032004,711103,7111,KOMBOT,0
7111032005,711103,7111,LUNGKAP,0
7111032006,711103,7111,ILOMATA,0
7111032007,711103,7111,LINAWAN I,0
7111032008,711103,7111,TOLOTOYON,0
7111032009,711103,7111,PINOLOSIAN SELATAN,0
7111032010,711103,7111,KOMBOT TIMUR,0
7111042001,711104,7111,MATAINDO,0
7111042002,711104,7111,ADOW,0
7111042003,711104,7111,TOROSIK,0
7111042004,711104,7111,TOBAYAGAN,0
7111042005,711104,7111,DEAGA,0
7111042006,711104,7111,ADOW SELATAN,0
7111042007,711104,7111,MATAINDO UTARA,0
7111042008,711104,7111,TOBAYAGAN SELATAN,0
7111052001,711105,7111,MATANDOI,0
7111052002,711105,7111,DUMAGIN A,0
7111052003,711105,7111,DUMAGIN B,0
7111052004,711105,7111,DAYOW,0
7111052005,711105,7111,ONGGUNOI,0
7111052006,711105,7111,MODISI,0
7111052007,711105,7111,POSILAGON,0
7111052008,711105,7111,PIDUNG,0
7111052009,711105,7111,ILIGON,0
7111052010,711105,7111,MATANDOI SELATAN,0
7111052011,711105,7111,PERJUANGAN,0
7111052012,711105,7111,ONGGUNOI SELATAN,0
7111062001,711106,7111,BINIHA TIMUR,0
7111062002,711106,7111,BINIHA,0
7111062003,711106,7111,BINIHA SELATAN,0
7111062004,711106,7111,DUMINANGA,0
7111062005,711106,7111,HALABOLU,0
7111062006,711106,7111,TRANS PATOA,0
7111062007,711106,7111,BAKIDA,0
7111062008,711106,7111,SINANDAKA,0
7111062009,711106,7111,SOPUTA,0
7111062010,711106,7111,PANGIA,0
7111062011,711106,7111,MOTOLOHU,0
7111072001,711107,7111,BOTULIODU,0
7111072002,711107,7111,NUNUKA RAYA,0
7111072003,711107,7111,TOLUTU,0
7111072004,711107,7111,MILANGODAA,0
7111072005,711107,7111,MILANGODAA BARAT,0
7111072006,711107,7111,MILANGODAA UTARA,0
7111072007,711107,7111,PAKUKU JAYA,0
7171011001,717101,7171,MOLAS,0
7171011006,717101,7171,TONGKAINA,0
7171011007,717101,7171,MERAS,0
7171011008,717101,7171,BAILANG,0
7171011009,717101,7171,PANDU,0
7171021001,717102,7171,BITUNG KARANGRIA,0
7171021002,717102,7171,TUMINTING,0
7171021003,717102,7171,TUMUMPA SATU,0
7171021004,717102,7171,MAASING,0
7171021005,717102,7171,SINDULANG SATU,0
7171021006,717102,7171,SINDULANG DUA,0
7171021007,717102,7171,ISLAM,0
7171021008,717102,7171,TUMUMPA DUA,0
7171021009,717102,7171,SUMOMPO,0
7171021010,717102,7171,MAHAWU,0
7171031001,717103,7171,SINGKIL SATU,0
7171031002,717103,7171,SINGKIL DUA,0
7171031003,717103,7171,WAWONASA,0
7171031004,717103,7171,KARAME,0
7171031005,717103,7171,KETANG BARU,0
7171031006,717103,7171,TERNATE BARU,0
7171031007,717103,7171,KOMBOS BARAT,0
7171031008,717103,7171,KOMBOS TIMUR,0
7171031009,717103,7171,TERNATE TANJUNG,0
7171041001,717104,7171,TIKALA KUMARAKA,0
7171041002,717104,7171,MAHAKERET TIMUR,0
7171041003,717104,7171,MAHAKERET BARAT,0
7171041004,717104,7171,TELING BAWAH,0
7171041005,717104,7171,WENANG UTARA,0
7171041006,717104,7171,WENANG SELATAN,0
7171041007,717104,7171,PINAESAAN,0
7171041008,717104,7171,CALACA,0
7171041009,717104,7171,ISTIQLAL,0
7171041010,717104,7171,LAWANGIRUNG,0
7171041011,717104,7171,KOMO LUAR,0
7171041012,717104,7171,BUMI BERINGIN,0
7171051008,717105,7171,TIKALA BARU,0
7171051009,717105,7171,TAAS,0
7171051010,717105,7171,PAAL IV,0
7171051011,717105,7171,BANJER,0
7171051012,717105,7171,TIKALA ARES,0
7171061001,717106,7171,SARIO UTARA,0
7171061002,717106,7171,SARIO KOTABARU,0
7171061003,717106,7171,SARIO TUMPAAN,0
7171061004,717106,7171,SARIO,0
7171061005,717106,7171,TITIWUNGAN UTARA,0
7171061006,717106,7171,TITIWUNGAN SELATAN,0
7171061007,717106,7171,RANOTANA,0
7171071001,717107,7171,WANEA,0
7171071002,717107,7171,TANJUNG BATU,0
7171071003,717107,7171,PAKOWA,0
7171071004,717107,7171,BUMI NYIUR,0
7171071005,717107,7171,RANOTANA WERU,0
7171071006,717107,7171,TELING ATAS,0
7171071007,717107,7171,TINGKULU,0
7171071008,717107,7171,KAROMBASAN UTARA,0
7171071009,717107,7171,KAROMBASAN SELATAN,0
7171081001,717108,7171,PANIKI BAWAH,0
7171081002,717108,7171,LAPANGAN,0
7171081003,717108,7171,MAPANGET BARAT,0
7171081004,717108,7171,KIMA ATAS,0
7171081005,717108,7171,BUHA,0
7171081006,717108,7171,BENGKOL,0
7171081008,717108,7171,KAIRAGI SATU,0
7171081009,717108,7171,KAIRAGI DUA,0
7171081010,717108,7171,PANIKI SATU,0
7171081011,717108,7171,PANIKI DUA,0
7171091001,717109,7171,MALALAYANG SATU,0
7171091002,717109,7171,BAHU,0
7171091003,717109,7171,KLEAK,0
7171091004,717109,7171,BATU KOTA,0
7171091005,717109,7171,MALALAYANG SATU TIMUR,0
7171091006,717109,7171,MALALAYANG SATU BARAT,0
7171091007,717109,7171,MALALAYANG DUA,0
7171091008,717109,7171,WINANGUN SATU,0
7171091009,717109,7171,WINANGUN DUA,0
7171101001,717110,7171,BUNAKEN,0
7171101002,717110,7171,MANADO TUA SATU,0
7171101003,717110,7171,MANADO TUA DUA,0
7171101004,717110,7171,ALUNG BANUA,0
7171111001,717111,7171,RANOMUUT,0
7171111002,717111,7171,KAIRAGI WERU,0
7171111003,717111,7171,PAAL DUA,0
7171111004,717111,7171,PERKAMIL,0
7171111005,717111,7171,MALENDENG,0
7171111006,717111,7171,DENDENGAN DALAM,0
7171111007,717111,7171,DENDENGAN LUAR,0
7172011001,717201,7172,PASIR PANJANG,0
7172011002,717201,7172,PAUDEAN,0
7172011003,717201,7172,BATULUBANG,0
7172011004,717201,7172,PAPUSUNGAN,0
7172011006,717201,7172,PANCURAN,0
7172011011,717201,7172,DORBOLAANG,0
7172011016,717201,7172,KELAPA DUA,0
7172021001,717202,7172,WANGURER BARAT,0
7172021002,717202,7172,PACEDA,0
7172021003,717202,7172,MADIDIR URE,0
7172021004,717202,7172,KADOODAN,0
7172021006,717202,7172,MADIDIR WERU,0
7172021007,717202,7172,MADIDIR UNET,0
7172021009,717202,7172,WANGURER TIMUR,0
7172021011,717202,7172,WANGURER UTARA,0
7172031001,717203,7172,KARONDORAN,0
7172031002,717203,7172,KUMERESOT,0
7172031004,717203,7172,PINOKALAN,0
7172031005,717203,7172,TEWAAN,0
7172031006,717203,7172,DANOWUDU,0
7172031007,717203,7172,DUASADARA,0
7172031008,717203,7172,APELA DUA,0
7172031009,717203,7172,APELA SATU,0
7172031010,717203,7172,PINASUNGKULAN,0
7172031011,717203,7172,BATUPUTIH ATAS,0
7172031012,717203,7172,BATUPUTIH BAWAH,0
7172041003,717204,7172,PATETEN SATU,0
7172041004,717204,7172,WINENET SATU,0
7172041005,717204,7172,AERTEMBAGA SATU,0
7172041006,717204,7172,TANDURUSA,0
7172041007,717204,7172,MAKAWIDEY,0
7172041008,717204,7172,PINANGUNIAN,0
7172041011,717204,7172,PATETEN DUA,0
7172041012,717204,7172,WINENET DUA,0
7172041013,717204,7172,KASAWARI,0
7172041014,717204,7172,AERTEMBAGA DUA,0
7172051001,717205,7172,TANJUNG MERAH,0
7172051002,717205,7172,SAGERAT,0
7172051003,717205,7172,MANEMBO-NEMBO ATAS,0
7172051007,717205,7172,MANEMBO-NEMBO,0
7172051011,717205,7172,SAGERAT WERU SATU,0
7172051012,717205,7172,SAGERAT WERU DUA,0
7172051013,717205,7172,MANEMBO-NEMBO TENGAH,0
7172051014,717205,7172,TENDEKI,0
7172061001,717206,7172,GIRIAN ATAS,0
7172061002,717206,7172,GIRIAN WERU SATU,0
7172061003,717206,7172,GIRIAN BAWAH,0
7172061004,717206,7172,GIRIAN PERMAI,0
7172061005,717206,7172,GIRIAN WERU DUA,0
7172061006,717206,7172,GIRIAN INDAH,0
7172061007,717206,7172,WANGURER,0
7172071001,717207,7172,BITUNG BARAT SATU,0
7172071002,717207,7172,PAKADOODAN,0
7172071003,717207,7172,BITUNG BARAT DUA,0
7172071004,717207,7172,BITUNG TENGAH,0
7172071005,717207,7172,BITUNG TIMUR,0
7172071006,717207,7172,KAKENTURAN SATU,0
7172071007,717207,7172,KEKENTURAN DUA,0
7172071008,717207,7172,PATETEN TIGA,0
7172081001,717208,7172,MAWALI,0
7172081002,717208,7172,PINTUKOTA,0
7172081003,717208,7172,BINUANG,0
7172081004,717208,7172,MOTTO,0
7172081005,717208,7172,LIRANG,0
7172081006,717208,7172,POSOKAN,0
7172081007,717208,7172,NUSU,0
7172081008,717208,7172,KAREKO,0
7172081009,717208,7172,GUNUNG WOKA,0
7172081010,717208,7172,BATUKOTA,0
7173011001,717301,7173,PINARAS,0
7173011002,717301,7173,LAHENDONG,0
7173011003,717301,7173,TONDANGOW,0
7173011004,717301,7173,PANGOLOMBIAN,0
7173011005,717301,7173,TUMATANGTANG,0
7173011006,717301,7173,KAMPUNG JAWA,0
7173011007,717301,7173,LANSOT,0
7173011008,717301,7173,WALIAN,0
7173011009,717301,7173,ULUINDANO,0
7173011010,717301,7173,WALIAN SATU,0
7173011011,717301,7173,WALIAN DUA,0
7173011012,717301,7173,TUMATANGTANG SATU,0
7173021009,717302,7173,TALETE SATU,0
7173021010,717302,7173,TALETE DUA,0
7173021011,717302,7173,KAMASI,0
7173021012,717302,7173,KOLONGAN,0
7173021015,717302,7173,MATANI SATU,0
7173021016,717302,7173,MATANI DUA,0
7173021017,717302,7173,MATANI TIGA,0
7173021018,717302,7173,KAMASI SATU,0
7173021019,717302,7173,KOLONGAN SATU,0
7173031001,717303,7173,TINOOR SATU,0
7173031002,717303,7173,TINOOR DUA,0
7173031003,717303,7173,KINILOW,0
7173031004,717303,7173,KAKASKASEN SATU,0
7173031005,717303,7173,KAKASKASEN DUA,0
7173031006,717303,7173,KAKASKASEN TIGA,0
7173031007,717303,7173,WAILAN,0
7173031008,717303,7173,KAYAWU,0
7173031009,717303,7173,KINILOW SATU,0
7173031010,717303,7173,KAKASKASEN,0
7173041001,717304,7173,WOLOAN SATU,0
7173041002,717304,7173,WOLOAN DUA,0
7173041003,717304,7173,WOLOAN TIGA,0
7173041004,717304,7173,TARATARA SATU,0
7173041005,717304,7173,TARATARA DUA,0
7173041006,717304,7173,WOLOAN SATU UTARA,0
7173041007,717304,7173,TARATARA,0
7173041008,717304,7173,TARATARA TIGA,0
7173051001,717305,7173,PASLATEN SATU,0
7173051002,717305,7173,PASLATEN DUA,0
7173051003,717305,7173,RURUKAN,0
7173051004,717305,7173,RURUKAN SATU,0
7173051005,717305,7173,KUMELEMBUAY,0
7174011005,717401,7174,BIGA,0
7174011006,717401,7174,UPAI,0
7174011007,717401,7174,GENGGULANG,0
7174012001,717401,7174,BILALANG SATU,0
7174012002,717401,7174,BILALANG DUA,0
7174012003,717401,7174,PONTODON,0
7174012004,717401,7174,SIA,0
7174012008,717401,7174,PONTODON TIMUR,0
7174021003,717402,7174,KOTOBANGUN,0
7174021004,717402,7174,TUMUBUI,0
7174021005,717402,7174,SININDIAN,0
7174021006,717402,7174,MATALI,0
7174021007,717402,7174,MOTOBOI BESAR,0
7174021008,717402,7174,KOBO BESAR,0
7174022001,717402,7174,MOYAG,0
7174022002,717402,7174,KOBO KECIL,0
7174022009,717402,7174,MOYAG TAMPOAN,0
7174022010,717402,7174,MOYAG TODULAN,0
7174031007,717403,7174,MOTOBOI KECIL,0
7174031008,717403,7174,MONGONDOW,0
7174031009,717403,7174,POBUNDAYAN,0
7174032001,717403,7174,POYOWA BESAR SATU,0
7174032002,717403,7174,POYOWA BESAR DUA,0
7174032003,717403,7174,TABANG,0
7174032004,717403,7174,BUNGKO,0
7174032005,717403,7174,KOPANDAKAN SATU,0
7174032006,717403,7174,POYOWA KECIL,0
7174041001,717404,7174,MONGKONAI,0
7174041002,717404,7174,MOLINOW,0
7174041003,717404,7174,MOGOLAING,0
7174041004,717404,7174,GOGAGOMAN,0
7174041005,717404,7174,KOTAMOBAGU,0
7174041006,717404,7174,MONGKONAI BARAT,0